X1,X2,y
0.8365997636969936,-0.611461638953523,4.738389498976941
-0.9343036016216956,0.27281723423162163,-2.1453354327370664
-0.7736265957915126,-0.6107887238725181,0.6133678875064472
1.6497659049048101,0.9496539624436078,10.780723538046685
-0.05151818815519451,0.6023754153433722,-0.32178666236478026
1.2676534410193359,-0.5598103698433,3.129298912383344
0.42928182561746475,0.8613498259904302,6.940476233953653
-0.24785520383242235,0.20145671398056514,2.627462845276807
-0.5305974760357759,-1.1881638042160028,-5.781487713758913
0.7719691066171752,1.3811104074416236,8.959981872156101
0.18964082628057027,-1.0538592015317583,-2.4050468814750983
-1.3145357905787216,-0.2493168245260911,-6.623827532977759
0.8600134197789742,0.5932431251204565,7.047892709558096
0.08564064161408516,0.8036692446493567,8.926584315354653
0.0767593889697153,0.06465124901198785,2.738879474406077
0.3586848063894589,-0.7440658732255517,1.4904199278821575
1.5912874515859161,0.21663681150463146,9.269746791296571
-0.30384723048820894,-0.6894412520132047,-1.4872762030483262
-0.7343731829608636,-0.6058446118137819,-4.987390963975913
-0.42954799212133377,1.0342448403671942,-1.048671728266033
-0.5237993863891421,0.04236739517590243,-4.227079858908633
-0.04780920926585728,-1.4361097822589297,-3.181902335977922
1.2815982824984955,0.8994322993749658,9.570475065590575
-0.1370632040802442,-1.3369176019366609,-6.976575502787685
0.8220450558277119,-0.47805911235208537,3.7332252121952894
1.506140695415224,-2.796310306042998,1.3870905178640074
-0.34191544753163783,-0.22728216964421893,0.9559719471393691
1.3162644916043846,1.5212323002044636,7.340399758535891
1.3383833808696068,2.0032851521380692,12.125068580714796
0.5873858044773748,1.4869061588886592,7.713379562416237
0.11455599181183546,-0.6327744534027211,-4.554595638159015
1.912555879087923,0.34327774923677923,9.00534132095127
-0.9356519032110457,1.0342352757665654,-1.1357572889174208
0.8849373844820981,0.04657207942195579,4.716771478804626
-0.29062404083609794,-1.288811919022393,-4.270772977397698
-0.30687999598579524,1.2999481798384225,-1.0623674837696826
-1.369379010514053,0.23547290296938125,-6.9824725362931765
0.5019202611363017,-1.277541338318045,-1.1242420845201386
-0.43187790828617967,1.1419585015800255,1.7746303862367436
-1.2711402750196976,0.9136674861269043,-2.7548866019564535
-0.08728944702244748,1.9146487438413806,5.66750048129172
0.06431849515716043,-1.10986358569076,-6.031340079853804
0.7369879447379061,-0.6702379170840714,2.7174813860087443
0.7750887354871204,1.0858071712750796,8.202886797013432
1.1200400865668594,0.23636178869056598,5.996167083104319
-0.6536414063578103,1.0666067046476226,-0.48822561561124866
-0.581937176477451,-0.13879404922242417,-5.271091893963589
-0.873202191525697,-1.022108052710967,-8.584942002227146
0.5160007813202775,-0.13342049720682456,2.8682588429208296
-0.03957176576215857,-0.7654313875430641,-5.126608331258881
-1.9677668995262283,-0.48048792625644,-13.257286969000793
0.42271319033571103,-0.78162657034221,1.2161808654049118
-0.15566686463265914,-0.029831446748307355,-0.9702071551656413
-1.2300711713752892,-0.4851614974657364,-10.403151185876412
0.15189073585056434,1.2461097008607576,3.881621545696494
-0.28058606940583025,1.4787782720674414,5.524433769968459
-0.7566450924849908,-1.117058621785811,-4.997793935754575
1.312744728452184,-0.1283958183095478,5.8923523915356295
-0.13171912076784542,0.3771722793459111,-1.856179975233643
0.6417194302329197,-1.499927544340627,-1.9133644611633769
0.000393358299086944,1.7325047077567153,5.417322427893578
-0.6308388720624653,0.10564908041382119,-1.2951129610645409
-0.1341087791213202,0.7502275768597535,-0.22056548122018116
-0.8943362766994077,-1.5756040478118827,-12.733915654786323
-0.8408575668785675,0.7445341873589288,-0.32983035330391974
-1.0289131855987597,-1.2858654248633894,-6.283171186269287
-0.5179228492937576,-0.33617228789452636,-4.491299833531487
-2.300838424481722,1.844347315683345,-6.825033377685362
0.7274483898586851,-0.3923376104884031,2.5366013558092932
-0.8344946443044584,0.05705351846196283,-7.14968125724495
0.7543622145351615,0.9365487611556382,7.166330631075489
1.3188430325389897,-1.1089152729089082,6.270138697879089
-1.1381043345569097,-1.2034465929051483,-8.916915884444217
2.7009838441041794,-0.4904918146586664,13.803971880436764
1.2821032007941433,-0.16470674418412312,4.325899079970597
0.04692188872340653,0.6842844162971946,2.622300572201384
0.04344692519842943,-1.8482917321056926,-2.222661949680666
-0.8635964133146781,0.5022211291114166,-1.0438039342741032
0.762208842095716,-1.132787935291961,-5.193654262925953
1.285387543523324,0.0023848978784533465,6.307128340368949
0.02774427009156394,-2.001666957109921,-9.605949852443166
0.0006938736452485009,-0.9338854103478105,-4.911581351613306
-0.8156774134285598,0.9160082621353597,2.181224654809525
-0.49976691486527514,-0.5388906961493709,-4.252069115325315
1.2768894278835317,-0.12933254285066637,5.534726821561001
-2.0940119896375653,0.8498439750874557,141.11794482634969
1.0099332745126501,1.1550167276102576,7.8260392644041055
0.19309128927324234,0.17781127577866698,1.3921704070258474
-1.0871990578365929,-0.4400877592467555,-9.576258332455055
1.1317422142733704,-0.47585124012212576,4.883649135233128
0.9587598778776093,1.1873699841518894,5.6406471598366315
0.15753450234133481,-1.2645896073542715,-4.153904873680697
1.5540092861140902,-0.011323058328226488,7.423265673544656
1.6585201597283252,-0.6890919006725473,2.611727476791166
1.3899164368902988,-1.5524053344279531,1.4871600665078195
-0.21167383430788553,-0.6667903829672052,1.2173628696273315
0.5823968797271751,-0.1807869868206138,3.2481847735295757
0.565665298705242,-2.056713771637588,-1.8222781761245623
0.6484814318897646,0.8101485617402303,6.8813412546704615
0.29668068198564174,0.14277276631266114,2.633136526865946
-0.7077379826674635,-0.05257292432826273,-0.8424788697392147
1.376267676607719,1.5973184556783282,7.727025142687373
-1.2114126055214052,0.023297854547383444,-4.062889924424136
-0.10713652168720504,0.9138010017352354,3.8371197446754555
1.0157250559301993,0.6915985958684441,7.425835903990877
-0.2175323510921974,-0.5653461147535646,-2.338183685152286
0.0519761315800637,1.1674501147334801,3.1438793072808484
0.07364192028344585,-1.8531978324973224,-7.231700425068385
0.20653669972302463,-3.064195160085437,-9.36382748552329
-0.3193777929003156,-0.727982155746836,-5.568274916153006
-1.4686189831666112,-0.7707585850949827,-13.256638799379516
0.48913686966805564,-2.4633111474705576,-2.93585112407747
1.6257676629676174,0.30623316571566267,7.963699521182713
-0.33605967468767495,-1.4359197165023156,-5.47668997522994
0.89883112327725,-1.1400159852756295,0.9214592035698416
3.2546300164075515,0.2473042173345426,17.75148258890113
1.2900947738922162,-0.8377501214677315,2.732544745103091
0.8224433893239085,-0.5629994720236614,3.0359534393259286
0.17391312548615576,-1.152752847284216,-2.7355855539109437
0.26372500595850035,-1.7878494083276932,-3.6804151883973355
0.8925079535831951,-0.5793876995095008,0.004708625861427507
-0.46218045974044053,0.26867903479027333,-1.5098172650407164
-0.35438361820118647,2.1706005901598666,5.396903435132184
-1.4989647504419839,-0.36529863130789125,-9.603183621227029
-1.279516441963271,0.7050821237277833,-5.301808969477572
0.7092586613211301,-0.5466425659862238,3.9508304222797768
1.2860030642674445,-0.12399428680670581,7.2378778155064465
-1.2346383553803828,-0.8072898433232514,-3.551172910496045
-0.12072263963222345,-0.44770693592170907,-0.2371446151236396
-1.0992254665828534,-0.7454331694234544,-8.24357130271204
-0.15837003854441722,-0.9894051732899234,-0.1220181865423493
-0.0947797187326203,-2.4020601211163695,-7.507345993267059
0.3615099828999641,-1.2763332660172229,-2.6579406374940193
-0.8554114903051706,0.29742723941914045,-7.26140300418893
-0.5067985946218264,0.2687875691108211,0.4039629858829854
1.8638956723237754,0.6752533329878412,14.912560632219133
-0.12268890490087171,1.483395781282274,4.535647455053352
-1.5915119933253197,2.5801621992156005,0.5537305067625502
2.4009811359792708,0.7102686465808034,12.367392205470292
0.289580306756978,0.7548523668221517,2.898653811678562
0.6563678033718593,-0.7079814070624637,3.514728702146614
0.35071708463355705,-1.0233748152700333,1.338315833869603
0.5540334530339711,0.537763802823359,4.790017427642227
1.7968413280953504,0.009598751080128143,6.494488431286088
0.5406708258154976,-0.09623223219505353,4.905722559319329
-0.6321771357944178,1.057694233390867,-0.5600074284771848
0.31301322400834203,-1.6245006167484273,-3.7137309178812528
-0.12408637376254733,-0.09964999439790821,-3.511662933947891
-0.42374196825863836,2.077120939230546,1.7883211845658211
0.5592392241653287,0.11548286550341864,-0.7682745928278805
0.09652524415199419,-0.9917406118051219,-1.1825086889276155
0.2209544247909597,1.3438195369326573,1.6516740434941202
1.565692645567537,0.02128476516797803,4.348176906013207
-1.711582228914704,-0.027134490849226582,-9.144158713847963
-1.5073769720428736,-0.3185828913093643,-5.626082635407899
0.29880968929115265,-1.1952189800258097,-0.8535333623207662
-0.015363250596895084,0.7215162059591577,4.200975884892728
1.6107405888246686,-0.3758039864928712,8.666057081292072
0.5160141877013403,-0.14162778936398007,0.7953446411733132
-0.4196516651411083,-0.0733761934403154,0.07879462138069693
-1.4714407311762447,-0.733149296212698,-11.382452421265663
0.3506564644665927,0.6783100255845487,5.353810295062634
1.1478180688995683,1.7069000102237462,5.770992333657314
2.717932871756668,1.0406761051274382,17.59004500367528
0.36446807082523336,0.09487645434097348,0.5234453717405814
-0.9216251609463579,0.5588275612596127,-2.1984295296139114
-1.4545240643761432,-0.5483979884641879,-9.984569213663963
1.100631029988376,-0.7747333837065167,5.372985463025518
-0.6230803266691647,-1.5669956981802018,-6.74644100913461
0.5919386546172181,0.56452263346193,5.984651322553742
0.4216414803205232,1.2174933787728706,5.838763360638339
0.0029696264867376237,1.498982435090005,2.722315791773765
0.060988546671379276,-0.05719917682592108,2.856881649058038
-0.1269528410391913,0.7616724160209686,1.1217493824026472
0.9736488402518926,1.0055128369532782,6.348928153093484
-0.29664560416007296,1.797868643869594,2.7965475687772257
0.2907016745585873,-0.26934920760875397,1.848116713961644
0.6752301204108629,0.8459716867239904,3.574369936781306
-0.3489845081456216,0.42118827711674434,1.5551300755798627
-0.7207252715683026,0.004297296333548277,-4.835112953740794
-1.6726062642892927,0.2585818964000002,-4.367405159560695
0.01242122418931392,-1.111871877079815,-3.832836120645972
0.13268342828160673,0.09167727967939245,-0.6379049997618798
1.148803216379697,-2.522180684944294,-1.150214242662782
1.1525884665245072,1.3615941384897967,10.2632561639477
1.3414604507220267,0.34268912437827126,6.020818283134833
-0.8761721281811103,-0.7669770955830801,-5.494405540498702
-1.9592154634216985,0.7178921028430688,-9.437141186925535
1.6642010447211226,0.03109183322505386,7.8316799616819415
-2.7946896128888508,0.7177272132088365,-11.113725632359765
1.7980490297117748,0.945298026196164,10.53222826018884
0.6734904440448138,1.5107181800440637,10.238676257308432
-1.1403084434479915,-0.24700100652729984,-2.3309705314427456
-0.4856891492510606,-2.2756233196663644,-8.654334447089155
0.8784484400894528,-1.3043304350332379,-0.8600115886886415
0.5176239793750093,0.546850645074683,4.115579406253542
-1.1278173617996041,0.5155783092452288,-1.725330178708643
-0.844397211884668,-0.007908428317957367,-4.136064034317917
0.4107122170778871,0.49474204719083165,7.5400617736090485
0.8197230025640986,-0.022456809593211335,2.837398549493664
1.5058712547365984,-0.3078022330909238,4.693011078515016
-0.3804538211891129,-0.7247976377761821,-3.413513368653346
0.7288416125644289,-0.32674268560080066,1.5084291890883137
-1.0621997725815733,-0.6605734797621056,-5.425761035771214
2.4613349140320366,-0.6493580675688787,12.164676676264822
-1.6462190664927738,-0.2552725174677015,-6.459993014475113
0.9148988961921903,-1.0808548555563355,6.60263627548515
-0.001242778459804115,0.6805427194602275,4.495881103637178
-0.8732214507754225,0.2324540238578556,-5.116802007695113
-0.056075951332957015,1.6815037349805746,5.393925603143486
0.31238066215491284,-1.4923547851062298,-5.55728159295373
0.39743934593208596,-0.4587349463108771,-1.0705537956012532
1.2033777767374565,-0.15078464571934683,8.00395064165255
-0.7635654971545812,-0.28851963049111184,-6.468801890790181
-0.5968965787936262,0.021357724720807898,-2.0961328210378847
0.605418625981566,0.39627810827190607,5.293862228679489
0.04535325103178733,0.4528886631610733,0.018707437717969455
0.19797748754695257,-0.18215065026812383,-2.552334652655758
-1.3201609635044982,0.1758023071187596,-4.322390937573809
0.25634662704159716,0.10448711181351365,3.86184857840861
0.39730024695732225,-1.3102384694419886,-0.8899161473243431
0.0035228189845082805,2.401239888043098,7.693537268610313
0.06451084454101562,0.03247205448966586,-1.3959605998408389
0.5984631324050698,0.8259110905291435,6.508483117098516
-0.07911338395086324,-0.02517112838632336,-1.6658392545154477
0.6769625283049969,-0.013299553898166856,0.28329768684823486
-3.3077345140404493,0.6317531641881612,192.78651918820827
-1.2428827330490448,-1.8251385635256616,-10.229824023834743
0.1059039418032182,-0.6860234393398817,-1.5824788166478982
-0.0784985990634487,-0.18907839438403815,0.3711582708740768
-0.7738209057408818,-0.39052761516566603,-8.387255635128597
-0.5106163053560028,1.461257694863733,3.0136116398648545
-0.5406482446034772,0.3034999251232966,-1.8345359532668244
-0.9717644971908367,-1.32335018082964,-10.253688690821393
1.6563695693802496,-0.42541200788157013,12.158983509681171
0.9894562969446692,-0.38521310717613155,2.7078728258926157
1.4326053031090316,-0.41714629051485813,5.534696891176692
0.33733772256124495,0.03473614852371044,2.677080023005659
-0.28726240966274824,-0.5437392799775466,-0.7003465944495333
-0.7297347538617799,2.021723284401651,4.895220666674265
-1.5464166791958405,-0.3327065353360402,-11.85996061330607
0.41816838962583697,0.5455152631383516,3.331755987715699
0.45504190841656406,1.0350887058269718,2.3304866896806726
-1.5362379803846307,0.6680619656725661,-6.0254777347174935
0.5489440467619008,0.7457599969674181,6.411094653780091
0.13217883543082515,-1.6032955331876007,-2.8332107396825306
1.2290251551597893,0.08654939423037243,5.935077901963637
-0.4230367404180533,-0.10225947304787002,-0.8299017778718127
1.3036030810135004,-1.5010924295581265,1.6098337160619496
0.0462435070849082,0.39932298950845235,-0.9680341745185601
0.5269136362446083,0.06020615499321227,1.7398704545672572
-0.2707288640557311,-0.6208334936824954,-5.50422715425389
-0.44258285103771267,2.5352728845858645,7.034477522361913
0.7835658891427517,0.36519942711637887,4.386755159530602
-0.34621819620890254,0.11772908207447531,2.885705967768084
0.5222542763083283,-0.05940480489610238,-1.8596937688742807
0.4289895472267511,-0.05651733167051289,3.4013472834826017
0.4363829189177668,0.00731516179702674,-0.17148048293934082
0.9358353448165099,0.6300119576319935,8.889946713351168
0.9884367404988091,-1.193048064699886,0.5547786240039868
-0.031730699971540745,-1.465183055591954,-3.354047185023263
-0.1598159072016674,1.3950334725627642,4.327282405592327
0.2818413451298837,0.6835200543488673,6.104459501418487
0.35527122663697003,-1.1708919917960103,-3.1992270495774586
-2.2447998648690626,0.40927582441760013,-9.656780541362117
-0.6102428859950552,-0.140299113159875,-2.3360867735669295
-0.9844252462239041,1.1244296597693182,-2.283282185335138
-0.4511623442794839,0.5543078953186782,-0.796551719462154
1.096162640529035,-0.8481264163775161,1.2094029775905024
1.8162369859585694,0.8590791394030374,11.826824086524018
-0.9644801780237197,1.9554504465886713,5.372695688527547
2.223546998865388,2.667264499390172,17.09235861021677
-1.3297910354576188,1.87068510214826,-4.405340102074416
1.313455350369631,-2.2404477715733857,2.8758602108030873
-1.068974404754211,1.1678290549508332,-2.75158969160556
1.435584979147402,0.8889742582149492,10.893892737351086
-0.32046749573470523,-0.9754455910095174,-2.986614738481024
1.5517516425017408,0.6096977826433918,13.62711473823163
-0.11627395250498322,-1.8648101457815527,-6.8830486055611555
-0.6153030413641276,-0.06746124509009889,-0.1824444738133537
1.0561536795700386,-0.9504071757272192,1.3552769016841784
0.8576892208804336,-1.2330351203302046,0.6433895940237849
0.06136118415714608,-0.4859905199129339,-3.3988995133879376
0.5722033659328317,0.6423214311608336,6.920796648293507
-1.6109855380142932,0.19047904122296244,-9.905286503517601
0.12746130297681524,0.6008217712291097,5.0243151564667645
1.4905022568758788,0.6647678378304346,9.523157966654011
0.7448605136786979,0.5438795955470748,6.424695625181832
0.17943533741499204,0.3322413513840617,0.8878234632175532
-0.27317176397591536,1.2723199359374209,0.014153076758273375
-0.45030954998483674,0.11766298117151426,-0.8920957562815537
-0.7844564583637462,0.6046503574523083,-1.7146358512878792
0.7292616470971532,0.11471955998866663,1.1751792337503892
-1.067946913150796,1.4226423793027427,-2.4492569933793686
-0.19388873842557616,0.39091314498082236,0.8099259195333035
0.29956738525761595,2.257542250854581,7.61761893817345
0.08093145943896551,-0.12353783856448648,-1.63862107904382
0.4779441716066504,1.702679018881056,7.474705289788197
-0.9239038080174923,0.2692600646854519,-3.7223892422974916
1.8154211558035076,0.5671701127308212,14.241335359554943
-0.5785286985084208,-1.2767990827041795,-6.034536998495764
1.443557069575816,-0.8704312125302506,6.301722225970412
0.7601158481527114,-1.0818486449395424,1.4281491735872103
-1.539578944293569,1.2802711217927603,-2.70501115712724
-0.81846145167758,1.995100035331118,0.39434104525691316
1.4044121243143295,1.4544485547889288,6.991895459113663
0.12594279786485502,-0.2277807643826575,1.4850375606715032
-1.5436027437509432,-0.46966206047493386,-12.336405878803658
-0.22128369828389474,0.4410975262116659,3.402008548700291
1.190627840349421,0.8287768755627081,9.948778586610711
-2.4152753048545597,-0.9669699229850337,65.69622957354139
-0.5075543534778945,-0.3509935733196446,-4.663952057933132
0.18273204967148673,-0.46574596724853273,-4.231499309011521
-0.22687028534545284,-0.3831750783232854,-2.838728673013627
0.9688006241762047,1.6197718978921007,6.982421994282933
0.7375393221516188,0.3962356925875271,2.841647251995292
0.2590972129155086,1.095671118398041,4.373071317732691
1.0170351893682275,-0.7237364980727718,2.416665924255632
-0.5071739041151464,1.057904210933708,0.7120882673218012
1.4086834026235142,0.12343109738322103,5.959766087165889
0.37731359676140036,-0.47094140421894604,0.7430613202635796
0.7279899531829901,-1.4599242740466876,-1.8378076196391684
-0.8285352580601038,-0.38868870403679207,-8.241573734462328
-0.6865153948704124,0.3887886684944097,-4.616826309780127
0.25766751636101765,-0.10537387328295128,0.677710862924631
0.22270730217591805,-1.2169767596982441,-2.178204706215711
-0.46313483941999606,-3.0790382348863057,-12.471900827874293
-0.6972641771436604,-0.19594572218557682,-1.3169633483364338
-0.37968158019992215,-0.506435025900499,-3.6142926329119422
1.3331671566296064,-1.8880826454543036,-2.5468562759659483
0.12514132141687437,1.288458837140985,1.1618905985028163
1.732485807285498,-1.5012044908617816,3.6354116247295574
-0.7359588798228263,-0.5420787160139641,-4.267586614764752
-0.04788262439195864,0.6926970470604767,3.433076688072865
-1.9035126007159702,0.960503687568279,-6.079277655496223
0.9783448209780509,0.39174045827042175,8.073069363797355
1.9173005744862595,0.5740072671750854,12.017355383029741
-0.10644881763878553,2.3877393455951736,5.936900387904034
-0.6919837739415918,-0.8974236622491903,-5.029931100200462
-0.23456715066743858,-1.0407893733060085,-4.885813879842416
1.2732026591620207,0.19843480024835586,7.012625571344629
0.6587939345539577,0.04081262342106555,5.899156483163788
0.8769961705474427,1.6007298461525943,8.410760355555038
0.007312722484665629,0.40556043622510213,3.1396504321970964
-0.17879379645467502,-1.796777516901596,-4.476984671693719
-1.2820999658418495,0.5085460236754151,-4.040269584976622
0.30310000123722436,0.8406585010729493,2.7860622766342065
-1.7275183457274248,0.8190804363117448,-9.36363129351408
0.5920459753210068,0.25494060569760735,5.986664609091456
-1.1556130076458317,0.5476163290301621,0.4404305132797406
1.9129963557032008,-0.4138480324550139,6.277679669056065
0.05231756945758537,0.7593312923733081,4.781069956961408
-0.4752227384129828,-1.1194429818407994,-5.663430215070139
1.2444918869847656,-0.08675346451968238,7.5243967361933795
0.10225449553598097,-0.25852070469862537,1.348529970734949
-0.34598793438584646,0.15832780920965334,-7.376754984412947
1.2203026390770677,0.5895938565213704,7.093407075641162
0.587049504306821,-0.5030700920807348,0.1427446151207974
-0.9054873248313595,0.6258774677116361,-2.293486065049205
0.8089451909696124,0.5925981769984716,7.203686133335519
1.474942423331711,0.8289599875137599,10.625732063625355
0.5320824587855816,1.4739786045042453,6.668286013804222
-1.8649578409950103,-0.18551598381554626,-11.554973464373798
0.7901334224278304,-0.6713204000882333,4.05313832498799
-1.1625923210774536,0.19901163137803582,-6.250819193772415
-0.21261762808689028,-0.8203888508281806,0.44890254242842254
1.0321645215567339,1.2573594086189708,7.589918910608179
1.103319580324755,-2.6572141695771645,-1.936705668336019
-0.21763601003347555,1.4230753724921743,1.4750435999617657
1.2742844928642025,0.44085046597032396,8.40400362793656
-0.8184353536641883,-1.061933785125492,-6.6499913832102555
-0.011856888493249831,1.3031178825005005,2.481292528207318
0.26072410447116445,1.0481835081227024,4.214667792494891
-0.6499752160731961,-2.939595069263068,-13.600344933048994
0.06864634744523668,0.34704801903426696,-0.72795758940789
0.06247959564952418,-0.03386868562219589,1.7719841351324306
0.08420483708791494,-1.025840635548258,-2.7278320595571084
0.5168324683497786,-0.910883859616453,-2.543033435921394
0.25162280883373017,0.05734638092338895,3.1104599184908333
0.8635425515706427,0.4773522481239465,5.8376011626590945
1.0369200145243747,-0.9229280874264468,-1.6965486522110869
0.8026784254701386,-0.9547334304390109,-2.268046935290413
0.5637792810449861,-0.8890588121902033,-0.9544711747085302
-0.5345481101392253,-0.7055072523188767,-8.289121710952584
0.4693851459708479,-0.8562405809919613,1.2155903702888702
-0.6577870350885467,0.35889477539570536,-1.8495694184433624
-0.5292437611615651,0.36630774628014134,-0.4855582152245197
-1.200800193940199,0.26882554395253055,-4.060326799384319
0.10575658553749938,1.3773461977726769,5.566003589839374
-0.5561630793803494,-0.30327585957957254,-2.7114320242112506
-0.7017058877483006,1.3174121176583562,2.3795295452046767
-0.1104150570840897,0.7734545179066736,1.9686480381205484
1.2161211083003276,0.9913791747020222,7.297714039535181
-0.7454044276562701,0.3693497277884325,-3.31120958982921
-2.403144245964141,-0.9543383147182927,-16.306143199114143
-0.3103068183520689,1.0478684178024293,0.44640484965907956
-0.7838908769021181,-0.5335872330678506,-4.027240493219313
0.7783053910150343,-0.7236722623720295,2.282929151120526
0.5394146576851697,-0.228975849306262,2.3490936818511927
-1.317270957674929,-0.739057993975015,-11.149538879721227
-0.29818100079925963,0.3729858255750558,-0.06793060086183866
-0.3356454253656343,-0.14162266631072226,-2.8771908489504443
2.6778632332815784,0.9337678369371716,20.7815995464041
1.3106562366553964,0.9711830924111162,10.525242318062755
0.44873684730810937,2.337237190528854,9.299948400990894
0.9434649776746649,-1.1286029901031986,-1.7077796704623864
0.2316730427495035,0.8462728696269928,2.055758540523853
-1.7042967701450693,0.6064530293019195,-7.954671113214205
0.5466387406314883,-1.5830760259844607,-3.6325771402842495
-0.30691514811912785,0.04906894374260234,0.21583515373281026
-0.906711472613176,0.8422281733536219,-3.087691683963266
0.9145238379372901,0.20976136890660116,4.5203923828436325
-0.6264067186788344,-0.15659283229561402,-4.229406086605191
0.6827784429973555,0.09610226435758883,5.643672162055542
1.0418226005040963,1.4311388804561898,9.227818989584849
1.585502471612573,0.412050892229424,8.922061172589492
0.2507052047707332,-0.6624358047281576,-2.837870625361653
0.10867612899868927,0.5139637667772684,2.1880292631086293
0.4005253386946188,-0.34991849529186425,2.567272199168484
-1.5376682378555988,-0.14515015051798605,-7.436908028486995
-0.8848971826397891,2.027455605681943,0.7740902395836899
-1.4783949758743227,-0.9429639402000275,-9.68482168464706
0.023829797923966296,1.028537167161228,2.068598913333069
1.971861681632658,-0.206397627284977,8.82074078150076
0.7231900279581662,-0.31374027434869073,1.8529587205920626
-0.295503371704059,-2.8659378570023555,-12.000001257114608
-0.14124465065403904,0.12975643612353593,-2.9454321206650285
0.07650588538132935,0.0858452521548968,0.6786642563018249
0.7889431903628853,0.2847836723288013,4.1243012098687375
0.5142800352567243,-1.5343989204275579,-0.40006205871832856
-1.2305188037618937,-0.029584836743396598,-7.11967720769274
1.1656581817214613,0.1974521939581407,4.223055750256338
0.5190358131681243,0.732299685991882,6.4294310698179515
0.6358431280549158,0.9566771819226387,5.002983635679249
-2.488135906015581,-0.44984231762922633,-12.6894724054889
0.17715885893580943,0.1542482689936537,1.8180989137341597
0.9604803557026362,-0.07433390137420466,6.239442634294242
-1.5146531005231436,-1.2943947343908042,-12.92631124586096
-0.5319224647683726,-0.38501035091924385,-2.796217144333735
1.0686291175349374,0.16648732938411293,6.549884555224724
0.1439333497485266,-0.2975078116438731,2.7299932634763637
-0.38083532258174674,0.8593903170666939,-2.3130734518371288
-1.9245070723366091,-0.3904268125066806,-9.694283937425462
-2.351880962938589,-0.5027310994454788,-13.916478426677854
0.988170885827852,-0.619170413155902,2.474056772868205
-0.2972213536573896,0.23165834416082126,-1.408098812585609
-1.0409156520440697,0.6687950925978073,0.16582428082666478
0.23944217358999975,-0.6187950123014329,-1.3592548010056977
-0.3663175286082937,-1.1467372991649079,-5.544585154313111
0.2964059034870641,-0.6489252714973527,1.5350633298306937
1.3110262700261208,0.4204849665054542,9.512526106503412
-1.1607680641361777,-1.804163400872949,-12.291935933689942
-0.7598371313466817,-1.1610470592957443,-5.921553524168375
-0.2824155684511854,0.2825040016189778,1.2965063112440967
-0.4497037931925749,0.21147284380048673,-0.4833832298101728
-0.29023936975515635,-1.2222882433938729,-5.774045822038328
-0.16223306668883428,0.35888490144377705,-0.38715642060644406
-1.5617893710108415,-0.41308381873220174,-5.160030532416872
-0.6937661146189669,0.0237826640768459,-2.6207353465674696
-0.4234629443854745,1.4245165650134444,2.7610587575113925
-0.6027135344550631,0.5354792961626159,-2.9674700811056174
2.0955473466769874,-0.7114740847560219,11.380477952684185
-0.167615439479007,0.3530811341014721,3.1715508262720014
1.5084836593622604,1.052721429252388,10.114036745681668
-0.15939952803349489,-2.56298979333372,-7.7307493386308686
-1.2209968789622145,0.11791517092111106,-7.169416009058493
-0.5065620008257693,0.05657605342996959,-0.22799868296126924
-2.0865342665577824,-0.19520772934730404,97.4047561188006
-0.30002658891102524,1.5114272516999818,3.1527762534523585
0.08845818440396991,-1.5393547428025642,-2.5008062352835223
-0.2496122007260957,0.7400074363820374,-3.4824027984366284
-0.7394552552817479,-0.6746121376692215,-4.465410012050438
-0.08733039491527961,-0.6163918839254015,-4.50980821751866
-0.48932284064380516,0.22227822162498753,1.7500131250601954
-1.0952453392961254,0.9031512370776412,-1.1657516310416314
1.1049515565133576,-0.3234846810123088,5.1601019415514955
-0.7424868493640647,-1.2441083595931839,-6.207783776998044
-0.7696075315043401,-0.4372923945523584,-5.5081095853597395
1.2086067320164553,-1.0515298445366106,4.2353093998140325
0.0430258924081123,-1.8883629331090068,-1.6000514852526573
1.8528277520461727,0.43311611125756627,11.550243990349959
0.18149791867524168,-0.5139922971910651,-3.267065778178032
0.003480772981125331,-0.05145221520121737,-1.8995403050588333
-0.07967601608615611,0.5964785962088518,1.6996800725159484
-0.3987376484141093,0.362246305698446,-2.9509772331493025
-1.2590795864107973,0.949562308049269,-6.41957643555369
-0.7955728145415638,-0.6715028368130602,-5.0929451869043865
-0.6184724310856362,-0.1373065670859838,-4.603554031545833
-2.798460718260173,0.5767330711323896,-7.167817586306356
-0.24380225887179652,-0.060459514994627,-5.596195470797694
-0.16675033250421184,0.014447235603435861,3.1435243605156207
1.8230087872128213,0.0936263707998637,8.951742797077335
-0.3956143191302708,0.46407786406031837,-1.9055522098566677
0.6781467312792236,-0.7923963343932473,0.5596162909453424
-0.4418245442671773,0.9265101400431112,-1.502317393698732
0.20232525440274463,-0.9761336064305198,-3.8511636543359087
1.2065082512179317,1.0852609670895135,8.56946271131515
0.26362576980718067,0.46781302588989476,4.823432038073793
1.5262742571563461,-1.2941933928119047,3.892108233500465
-2.0177597351659524,-0.8626324886158266,-11.412591286810173
0.09837762040874999,-0.540376881749035,-2.687756603863889
1.9358492912327858,2.3478204270988052,17.986644026214247
1.3039201273359504,-0.6408006125298258,5.03359354843931
-0.12156813931939485,2.3101194055412897,7.645837463550589
-1.5214140998664198,1.4013701378131729,-2.7751207737044834
0.6257995242008365,-0.5784603198972,1.229697308816419
-0.10079327132368246,-0.6747203218515366,-3.617572542987486
-0.19733958352109243,-0.47044043801693625,-2.334512123554463
0.3262046878224542,-0.10558089114851,0.3502020522062328
-0.5771037913056258,0.26335322882073364,-0.4786225085605631
0.43342563832964837,-0.19139437284468377,2.9268442349965977
0.1915865472693292,1.3026215332636017,4.357368986219582
-0.47845131067508645,-0.5197390928185006,-5.249742744219393
1.0696766162725742,0.16708459724957964,7.138844740777667
-1.169125648185868,-0.39882084440630305,-8.729161776030399
-0.07234628808002666,-0.5050420615497712,1.3601382069611943
0.07486541096173535,-1.8212467255869158,-4.54234985038452
-0.6142438950311977,0.6876143365614187,0.36110699764099374
0.5658753351653721,-0.39059877894322986,0.9903137958655132
0.7100406971656086,-0.5432560610442936,4.87823169927426
-0.6892123058315174,-2.3026240165734637,-13.432233408948806
2.708874407408272,-1.669559779737517,11.187892976740027
0.9486577445086681,0.14659912055278007,5.974612636027408
-0.5022983420955695,-0.5753172292266586,-3.9539873845941993
0.6035286291827722,1.9008767490116254,11.580047527112722
-1.250451557363963,0.6611170778276103,-8.737262259675916
0.06588421655965421,0.007477532771361649,-0.0480124058432706
-0.16015283040918568,0.9829692631429443,1.7592569481285982
-1.032397825099163,0.7965447524646077,-3.0377541360214813
-0.48162129678183013,0.19902123792900472,-1.8031954853690941
0.3529773882828228,-1.598023823494931,-3.988405713902546
0.1939551575973904,0.5940962005362018,-0.5802653748679623
-1.209147097187269,0.9396866799194739,-2.380769500154738
1.2585228503683283,0.21716093180618626,5.303285697468455
0.6137829071371425,-0.46414976708487277,0.19788474675881784
0.5907700180677112,0.5711440094726312,0.5569058858744862
-1.4928791781496906,-0.11826112672435725,-6.794388581984299
0.8238878008541448,0.732718346299563,6.381362070329126
0.3150418750961123,-0.17781814571366167,0.9372895566943349
-1.1709594085927264,0.3901330872406967,-1.9071726235320314
2.0552870356821336,0.9854696875527686,12.855502888748621
-0.0558694097519221,1.5473524055392287,5.720837439167733
0.8245890088711826,-0.06629784133434008,3.5208824284698315
0.8460173925789867,1.7995658569793616,10.038654445283168
1.6222650117933008,-1.5133092635270586,5.036118835447743
-1.059011035037778,-0.7713326880091363,-7.537986877913605
-1.7910408731346612,0.3032946254511258,-6.546541175704584
0.01830677070651824,-0.8700255867973562,-0.5244085526890752
0.7694526420643628,-2.1132358850770316,-2.4124073204596916
-1.0541966292399696,-0.735800494084282,-2.4261421647177395
0.06706616942760048,-0.5030810893574373,-4.547990077425649
-0.6498761560308358,-0.7237829821985856,-6.227141070083777
-2.2112772101339675,0.2341039822058291,-15.09531947174423
0.9312521114444368,0.6714961199335797,4.522251764667866
1.137749875871833,0.1777010507092769,4.272166737246431
2.0270476054837197,-1.8004418707360033,7.458298313073747
-0.7715770697123119,0.12377241617929682,-6.302219901143404
-1.257357282112045,-0.14270111659709414,-6.60434203817415
-0.6818357213844837,1.0225046643842686,-1.7779745618833953
-0.8912995059273722,-1.8399869816100465,-9.742108234202732
-1.8709170946618408,0.7781911909329383,-7.221560119477019
0.7507336575374585,-0.48910986816382174,2.871812162924053
0.1513408175712638,0.9307822692865977,1.077261918337408
1.3995703774085675,0.026105697197390795,8.128667374640859
-1.7000631458431268,1.5087288236198078,-3.2361600955362024
0.9609241050453113,-1.5086573027985783,-1.4574670814499866
0.5153642639834274,-1.0630980899422289,-2.153958449500343
-0.26562031966217703,-0.651261295132789,-1.6896342859277722
0.9155632857294743,0.8417882969045747,8.38605680456194
-0.2722028875619037,0.06827661234439011,-2.0718642810247676
0.23836524675085685,0.69269491625521,-1.411330742469905
0.9906476698485628,0.49861464315673076,3.8741954875030853
2.3399654537429706,-1.837251208734428,6.229909335330938
0.7828669218899983,-1.3871491623401324,0.9335355244787182
-0.890040728811865,0.5878181927565784,-2.5761913823206215
0.42904604031219185,-1.2950940604609922,-3.0200444045207364
0.675633268484411,-0.29736822877085,-3.331445609577025
-2.0557494404512346,0.8935230182817999,-5.131607340180638
-0.04573339763759024,-0.9858119437672728,-5.315483783227451
1.040230686359787,1.1129763435602158,7.097946433441361
0.34090407418816115,0.3584798045095071,4.531981647454056
-1.7327898327717017,0.7825304206902628,-8.21746334564922
0.25285817925523235,0.9216120379312676,5.394146794947315
0.9186753035157371,-1.2675964374713062,2.336416318362392
0.28622968730197396,1.5151601203499805,5.047594248350222
-0.4658589538233706,-1.7103847675891375,-9.40035493005783
-1.1477375302150796,1.08480180674489,-2.3212664364065265
-0.6732188005514641,-0.13914668350846235,-3.8814364953293397
-0.8006037684659011,-1.3876877061294637,-9.170663320686792
-0.07118561535738488,-0.6729609305963681,-1.6555767465743418
-2.8457599192901446,0.34387958162969173,-13.312375505092945
-0.8300909486046978,-1.3184435977287123,-6.8862879096144765
1.0478183375127663,-0.14319834279046448,3.5270905539194386
-0.41068385753743275,-0.36247653811756714,-3.0909832085124527
-2.3012546546503065,1.187508907740567,-8.328010144691895
-0.049891637754984265,0.5422489540097309,0.7354007449433478
0.6623251112031904,0.6903221885618867,4.27915022992408
0.6544167310381894,0.5748231604448965,2.270239686645729
-0.6385985644219387,-0.5520996400917004,-2.5629987082565684
0.5318570120767393,0.1847245628964666,0.6196478354592285
1.7242195068242303,1.6514569837964723,11.864531536338704
1.3157465629087792,0.3314800392749887,9.072451067196383
0.3459179227216026,1.1914641704208244,4.901643613232221
0.9342884888917211,-0.3476575293199624,5.050315381893062
-1.5482167785471783,2.7128280601139014,-3.2243404948154963
0.9540548553423147,1.094060574091449,6.129697013949133
1.06682610996816,1.1401540430798511,11.0997761809972
1.102150959089783,-0.020283823781960666,4.8040677409969375
-0.9604901569363852,-1.0435872418760876,-11.140302936513969
-0.6084467224663487,-0.9035702553517477,-8.947786004276791
1.907061190531728,0.6827344323656178,9.599206150502102
-0.6055037460943117,-0.6558787422918999,-4.04756891137605
-0.4239538936612142,-1.8174865436325995,-10.049850690228201
-0.6658577121490096,-2.295351053133086,-10.290983673483778
0.16723923237904126,-1.133552666224796,-1.4361849118304053
1.4683279265699714,0.10618099969819758,6.347908038711573
1.1474712265315086,1.1991107538715353,5.0011656296332125
-0.8204892198381205,-2.02509309257239,-8.676185961696342
-0.029870791183036843,-0.49535776915728635,-2.432438187014823
1.301298440558612,-0.07010141987519625,6.519724737188567
-0.17465160003850205,1.2883094305672862,-1.1486250870435368
0.3407211577213526,-0.6040536008412477,-0.19494303023762843
-0.18117478742276277,-0.13609109088240154,1.0335602409934075
-0.19625591756632763,0.5111051838076615,1.8181071834251061
0.4553047723848763,-1.4321862499593363,0.22869361663986965
0.8917162955503819,0.6901618649867802,7.41960619878889
1.2619413545998264,-0.5447908422260018,4.410316919811364
1.3561748878922395,-0.3199129452468841,5.915506116651016
-0.544600163642957,-0.8720016016381829,-4.753132224975134
-0.2315323365192225,1.195173139155734,-1.8142431251426903
-0.05172586061453889,-0.7168292015095996,-0.12848860421331176
-0.793602457373441,0.45797029825471686,-3.41122744162779
-0.18057965708702414,-0.2404509583257357,-1.30048413963393
-0.2825734130133486,0.7838471303434303,1.090754523289937
-0.4818798338685333,-0.9591470687911706,-3.9106599454755586
3.0383500698125725,-0.6127396037834228,16.335547012173222
1.4280721442848123,-0.5632270542064636,1.9853957726754787
0.7036241726142631,-3.353295429056444,-5.957556551788859
0.06620613627165409,-0.42354474347688914,1.0241351999973387
2.145274101119338,-0.09911620040733274,10.077102111329145
-1.1042370364410963,-0.6404635695699034,-6.542100466845435
-0.29737862143800586,0.9235431970583728,1.881616393465834
0.7183608245514677,1.0936362605526044,4.9914779211310325
-1.4694326692750943,0.6323550524692183,-6.139749498155516
0.23268208681789215,-0.0555329165775133,4.602700740340821
-1.338294183438186,-1.218868489205698,-9.110049245040727
-0.27399309357918905,-0.1332876546886086,-3.921829895671162
0.2679927362723102,0.19470697769874754,-2.256709158246287
-2.2931699369450054,2.1031024669469343,-2.728961401136787
0.7255143004419158,-1.1973568301169877,-0.3467818581699063
1.0444732001939023,0.023720447752296002,4.772206770626475
0.19349594708178683,-1.2619659426161318,-2.169428779627838
-0.5587388008764295,1.3498987763105579,1.2757089672006
-0.8157698034914272,1.6777683242122854,2.275200097338758
0.4602339995944933,0.33051572399330476,-2.1959819249136645
-0.3130012166244007,-0.24384092914268488,-4.683104353190851
1.4522715608931591,0.42692498080730196,10.752646832784242
0.3836262949533599,-0.46840648319103284,1.788408385286435
0.5141151986735905,0.39394272736372027,3.608167223187922
0.29253741038805553,-0.7843816735933462,0.011249539877469239
-0.5895022084912304,-1.209743110329191,-3.8130252161770026
0.2966953204012223,-2.101138685382542,-1.3884236067650595
-0.38108906734345876,0.7797014779978567,-0.9774422367302975
-1.3178481548626786,0.996802596704496,-4.00532362246028
0.3823808057801639,0.9004349900321676,7.136484143015593
-0.832412998681726,1.1658343499016268,0.525354622355948
-0.5991986735485484,0.25943009904373565,-1.4145597423818068
0.896722994503974,-0.41899069443809905,0.5953842082650764
1.054854984773516,-0.32495605152683943,5.7977236125768075
0.060804903526719745,-0.6770479318303717,-2.8833863039857093
0.7712002268768149,0.733193487269331,5.503647509352139
0.01705508751888755,-0.6470279112150549,-0.4808234046720308
0.09466352365679578,-0.17123899779356486,0.9929144021767385
-0.8585253830257115,-0.3518685601243322,-3.33365775893313
1.08535803258218,-0.5641563969689294,4.955413917532693
-0.20552729798536426,0.9079281739919408,5.940429433401675
-0.8667421994554966,-2.1548476887440398,-10.12959331848329
-1.0898847984645446,-0.6881163882065737,-1.8002621692346787
2.5858958010687476,0.31248733944573687,14.354664322351912
-0.7812998049439271,-0.74557851982553,-3.852972586030265
1.7858175900088205,0.807760202893998,10.839992682185013
-0.035216251879641496,1.2339852944314111,3.198727901787093
0.08141379790096588,-1.300449881085046,-3.9647185884070435
0.6783214209754115,0.5608024193748077,-0.061343263961172845
-0.3587706804183055,0.3357631891932573,-4.499734859627119
0.7577500446482713,-0.19894652920082237,2.6294102245932782
-0.8205234724225813,1.24041446332184,1.171613719573574
-0.3720902800924643,-0.8313290974226883,-4.568115215810684
-0.6896495555622933,-1.3202431738060134,-8.657266737652375
0.5763940402217659,1.1849304472015396,6.070064519584866
1.2069867635168896,0.3973565554864676,7.039447921759823
0.39637838080747384,-0.5439311981446585,0.35860021960878774
-0.750990753282336,-1.185823928288079,-11.237748659501989
-1.3529583064707889,-0.035856889940408226,-8.373793861882817
0.34448089831989953,0.9114570970064501,5.573619973896222
-0.9276211994122632,-0.49005196391496425,-5.740186195934105
1.4997156557133717,-0.5689020580121578,4.2112957041254875
-0.2808058487502983,-0.8979229801587152,-5.059092554094582
0.4304908456031489,-1.4058010437135495,4.440685768573058
2.1252872544056522,-0.9077807378606872,6.219443424957985
-0.9199643758902637,0.8579796648901031,-1.3112402007789932
-1.636044956621261,-0.8547869564688791,-13.780290608446753
-0.9093413247002087,0.016187820284939324,-6.481271454432314
-0.2992735286172074,1.5929104590693375,3.8890271591185215
0.929471666840612,-0.2777403566264697,5.275468218653009
0.07034686189921005,0.8109248861677397,2.7011509720772007
-1.5188527455508247,0.24521375686518476,-8.318893793437008
-1.6175904018938894,-0.39196380167436856,-7.483252707232779
-1.0498478028211864,-0.20697076922112467,-8.996188345238366
1.1711995830221031,0.12591618113684172,5.339615115181383
-0.005147671094981985,-0.7427771901520951,-6.070528463548278
-2.1568258063910655,-0.23358805264355278,88.89203074236038
-0.1754988484603463,-0.07614552496957933,-1.6602913297936635
2.0392689147773257,0.7943972243549108,16.931679642302733
-0.28562046954600656,0.513470788865385,2.057926920900247
1.4193317747092482,0.08512250182192475,6.819846400397762
-0.05886216661343368,0.8666078416823328,-0.7425275397377953
-0.746146532357897,0.8829655305615287,-2.7792838827133934
0.15743514076693665,-0.36092461311860174,1.1224644716728185
-0.6159570809064376,-1.111382395984885,-5.062865192382007
-0.002267407810927849,-0.6753482846529985,2.4155107690281135
-0.365487291795647,-0.9101749209870592,-5.451458239173146
1.109100897909411,-0.5612149611554087,2.8698652642972355
1.7973039126919517,1.04622524565505,9.428607714653142
-0.4180586597998597,-1.1009397883197583,-4.838677711895436
0.6971493978265194,-0.2931188829069346,6.177718572499871
0.0940705284194109,0.054887997036695,2.70261529556466
0.08810381211837867,-0.3975508970660553,-2.8534093694736216
0.79838954389813,-0.4879990184468053,1.7225631467040312
0.38780183460072654,0.6521847026072689,5.832531577470238
-0.19216466069573032,0.5672595025336381,-0.8039827629135007
-0.5540256660195992,-0.21068489751649402,-5.162761964358374
2.6778586621377403,1.5634689771556058,18.33466289709739
0.5018203564136701,0.5278054554889762,2.588806717528726
-0.5892846965185686,-1.2123965125340752,-7.3765311087182175
0.1870744503395299,-0.3812633907815495,-2.4045533958060696
0.09900748174588511,-1.3843464478220722,-0.6246297568971833
0.9298017380618878,0.6591930180834535,6.947038530588394
-0.41799203276341673,0.4429083355732234,-4.597024315501647
0.013632671626497896,-2.0523238718931833,-5.157070879615294
-0.13293635808331797,-0.1393156915794841,-4.163334067886984
-0.3704597308581061,-0.17962939398474304,0.7695753162057999
-0.21824128340816148,-1.321440849476918,-5.612852446448441
0.7728782035095844,1.4413882476028927,8.4495570059775
-0.30510059141428597,0.7858842080279154,2.099172929378363
0.968845715815258,0.08081964758845459,7.129889562477522
0.8582797483147816,-2.941474086533547,-5.219505757903409
2.5298350907653933,-0.920365974981275,10.073293639078619
-0.945754995821559,-0.3339288391764771,-6.174221508743678
-0.1257515677996016,0.9214088282167784,-0.6087911368021532
0.7548223038922847,0.7297212316222789,7.716200062122546
1.6249397005983102,-1.5524401393707585,1.953777701140205
0.36696903985572743,0.5935026826572888,3.486437763858681
0.9795998223480175,-1.037671478064563,4.205736387850418
-0.3198147615024657,0.14236277784860488,-1.6489980248979041
0.5458929967261104,-0.04138248723262493,2.7911491630439467
-0.20955320692944035,1.8408025739500762,5.193650801380624
-0.2170318169950118,-0.581818648929547,-3.4144057589238015
-1.3350326553145782,1.7918230676436613,-0.7717398670655268
0.09833781503655817,-1.531990723244003,-2.735199986741499
-0.9882781572447988,0.1024402544337327,-3.984144768296393
-0.11473009561732797,1.2280007804146564,5.451108946519142
0.31184646709848035,0.8867602186142971,4.9346627096237485
0.9796424716926447,-0.002436279358145119,8.922255683811041
0.5322363551857308,1.0046883185125792,8.54325447433576
0.21913518856914507,-0.3034839969677437,-0.5493137018569292
0.3889437811872566,-0.553967691450898,0.73043906695428
-0.179561943694852,1.3167058897041701,5.006454167493286
0.3568046634543337,-0.5016402407756544,2.2738979981408045
-2.418950261101935,-1.009914746942091,-14.475174656381427
2.485646128683118,-0.11718160319973375,14.146267873746574
0.45868030328571247,1.5224947936713271,9.981450314734417
0.32511563760520334,0.3707757066565574,2.09029775934779
-0.7183293557058501,-0.18975573989152097,-4.888500362325726
0.601059845643805,0.10556098086078587,-0.32974697424619537
-0.9953352500828502,1.8103114424148712,-0.60629185867513
-2.295732945069838,-2.2782179647575136,-17.652938745829108
-0.10251890567948986,1.2952531700890226,-0.36718990475299407
0.4311668693723164,-1.7732985454715098,-4.124625570103408
-0.39172904437206607,-0.42418754945050763,-1.8420539699477105
-0.07554903718111323,-0.7772326759110021,-0.1555091151085617
0.009630563778259195,0.3995055589301961,-0.19651324720501795
0.2852702996337065,-0.15136871584467337,0.8042088438926381
0.09972616802668778,-0.3610436484151257,0.5792777694642106
0.010146044286769516,-0.8126804466131702,-4.452723893235753
1.598937217213475,-0.19785602799193608,8.663204015276198
-0.157067846951383,0.2716182535623236,-5.2723134377132395
0.2783145923250721,-0.7020899078356145,-0.6119706737350843
0.6616339550698042,1.9980596391359975,13.886111360846307
-1.1192194742630117,0.32258275611740206,-5.411121914660532
-0.6943917430147317,0.44693816525176355,-3.571312826825232
0.6345950634103429,-1.0359697584895207,-0.8557003316034524
-1.6127421896873257,0.04990102488817681,-8.367228260100788
-0.9595222019633023,0.008975230912458412,-3.209978545725294
-0.8182991541434602,0.05928158515066639,-2.8055953125691158
-0.09496969748825673,1.2148958533682892,3.1559092543439777
-0.10961535156241244,0.5599937391711427,1.7176162771039798
0.7398045936746933,-0.5078444233129866,1.5309478984386748
1.1373737842065277,-0.8002565551216757,3.6222731526319705
-1.2516627207071063,0.9574536996463129,-1.944909811172484
-1.072016043091121,-0.31728361485288525,-6.404751248067194
-1.072434923796878,0.09174172091341173,-3.4417339013369377
0.4071780361722767,-0.9206423005551371,-0.6769421290790154
1.3308282881214353,0.1934443592974405,7.8913558785478255
-0.4905601058333361,-1.29442877864147,-6.70086495302407
-0.8983552122581396,0.9382968398568388,-3.5531078172824166
-1.359513962310325,-0.6878409551439391,-9.842965823583917
-1.3305170339575576,-0.06126837664184522,-7.260502029141823
-0.5746370851841219,1.2874300500708045,0.3762089238687629
0.6214067465872483,0.8671672821107616,5.4516199141807355
-1.4440948963846423,0.9729968783746816,-2.7804899760527197
-0.4033877113587046,0.8835621668162046,1.7311358121874534
-0.12610600443697081,1.310716741215532,3.760252978075739
0.46209332910661466,1.8955209061333576,10.611666910462732
0.1402162756974204,-1.5987217050526095,-3.2588701262993656
-1.8248746854669529,0.8968180453645326,-7.090683185808678
-0.09633288632774652,-1.5598909759563162,-6.335675165337793
-1.7771649639376894,0.05808895869507028,-8.503534426116241
0.8821222202096525,0.9640645277396711,7.059010692367744
-0.07930409954127077,-0.2449326621932688,1.2231441677761907
0.02435093708019689,-1.17914054518849,-1.316946755438153
0.3903896515417765,-1.050183580403091,-1.7335823011975457
0.1702252636366238,0.17143566905966842,3.0675361524216065
-0.018266339094112516,-1.7166568487454645,-7.331117657965342
0.21558136178729811,-0.7297690804608221,1.5377052490204643
-0.8044461856302635,0.23305636284120385,-3.9851020363758063
1.1645113706062278,0.958349451391993,8.396683715435213
-0.06882024740427777,-0.3128969678912772,0.41308430023478504
-0.01188472128425618,0.875467809627012,3.105445967906755
-1.0652386806756713,-1.1040754692004524,-10.289333768455387
-0.06781629660044464,-1.7867206206799742,-7.576231616539265
-1.0498640691355643,0.37482485541238686,-4.371932747103186
-0.41257647873157455,0.6477476288156053,-3.579760020261424
-0.699801290135286,-0.4572652687160185,-4.80036756467153
1.4640556895467287,-0.4681087355925177,4.221748857712786
1.0582107761423156,0.4145981197963005,7.472188406468327
1.525970225491438,1.890146235347363,12.937060515619315
-1.0615611069393285,-0.6722733922161308,-7.652159632116188
0.6946413710916401,0.12705018126525144,1.5717093027024318
-1.9088413534342858,0.4129198069623797,-4.150222885170322
-1.5991641446930138,-0.19525124375276307,-4.206397387150451
-0.6137805978787312,0.05552422524568922,-4.883246831643858
0.3454081354179749,1.8247509876213857,5.8677570590820975
-0.09251099428380782,-0.18398634458133892,-5.310968217114183
0.6371405809388985,1.2854803458198054,6.757316112825019
0.5120651742201124,0.22883988184152634,5.193456622803339
0.6180516554684744,-0.4925606785890403,0.24781396267384292
-1.2488897752628434,-1.0445035635337159,-8.608743487433532
-0.5906766931193794,1.111582983401942,4.313719252942592
0.06699483041526733,-0.057937039438968885,2.879412760109835
0.5670143137628004,1.7178056264648471,7.1150923636427645
-0.04083250653628667,-0.5271769638221825,0.5925744413408887
-1.343707476103636,-0.35415515413582865,-5.586705719757717
-0.5419341107148051,-0.7323104863025176,-2.4996638682732226
-0.8895161941437586,-0.13458489172147128,-4.272549130021399
0.7162459017443148,0.08364937281446323,3.7806673896601564
2.699082001972986,0.5437334711427351,14.221021724700075
0.9215037385563419,0.5266619775600296,4.5315856776770005
-0.607392723624688,-0.3883826972899433,-2.840346622464659
0.040331147326841385,0.21577162911820766,0.32848778472145135
-1.0765506814719847,-0.7843315535164546,-7.008760948475451
0.5725596893450219,-0.22357601362317608,1.1335042984089505
0.5903172969383068,1.5855349611294485,10.377863539746688
0.4032374689368933,0.5014371384393426,0.3976888704141026
0.47924837539250126,-1.6805058212315842,-3.4143839267113387
-0.24826899065740396,1.9981571252534782,4.68211472988931
0.40292446405140087,-1.1010887982646527,0.7997733312671857
0.4696935324048285,0.12899339474365532,6.595911951538844
-0.15970799855745085,0.9888530634285205,1.601427280197762
0.7440946449513145,0.8039872928677347,2.8121577882371662
-0.3370625056532575,0.5931290234121052,-3.7217285867029806
1.2195144513870653,-0.7711012556988107,0.25078313666604846
-0.7300841415465119,0.04030194157362157,-1.1110489222971989
-0.7064227451221051,-0.9577866376985155,-4.75278892672392
1.914801991046778,-0.2983346561559547,5.593476526614044
0.35633236884916203,-0.931320125834345,-2.8555768571447957
-0.7618751417904402,-0.4930616890597102,-5.495631032982637
-0.4309321585642425,-0.8288580478785503,-4.101693719542137
1.0098516789939371,0.25446339572001403,7.660784434664405
0.11301850907573069,-0.9484523557719361,0.011580565100966389
-1.6496137703208218,-2.414506227561691,-12.64602429821767
-1.490359955584818,0.8764157097977711,-7.190877684263555
0.2774366723470444,-0.056340266134168246,-2.973917965121647
-0.9332230711873831,-0.9028004855525004,-6.584872209761424
0.44412550353643326,-1.4754784931153286,-0.5492348524312125
-0.08210733962405146,-0.460617988805385,-0.8515120140209169
-0.2683113329243997,0.38495924243172264,-2.439117213876059
-0.23678270049444497,0.688646547493227,3.4869532868272053
0.06186497404207793,1.197080759997077,-0.5532371997018855
-0.8558680528028907,-0.8862465729963911,-8.666248680658171
1.7967957476557301,-1.029195950585052,2.6939216744224717
1.6141347531348924,-0.6224659974003512,1.6648873180719708
-0.006695468297661537,-0.45887755308989014,-3.825424017143638
0.5956205036770357,-1.7885408642432812,-4.538051010206058
0.882044440318144,1.274027631868085,8.265441255966438
0.22821934781237427,-1.201683739242259,-2.826114944896159
-2.1230552674068055,0.5629393306966548,-9.710631412813962
-1.5428252006376029,-1.0345103407275913,-11.271478205477376
-0.9072578798893355,-1.6294988893748623,-9.685741642663288
-1.19958672539774,0.873721938781262,-5.772141003212529
-0.22497643650082605,0.32615031317128834,4.45870398249668
0.606224069252032,0.9945685707742413,3.766097400028295
0.7056552224479118,-0.38012554398500786,5.315756508839857
0.5245240215342432,-0.44296871133523946,1.3704652334583565
-1.2106419953944563,0.9502676193809233,-2.3793246254554132
-0.7720929112143333,0.4151884350107552,-6.8947124166937535
-0.06308866662892462,1.0822984000549456,5.140401457922904
0.4535015782997979,1.609956021923417,4.1200102419099665
0.4068314742822154,-1.1284136718930942,0.4332556863116259
1.258558631083471,-0.2680373099855941,4.780565350982487
-0.7475017112329164,-0.30948118995356866,-3.907749538160834
1.2304441546695297,-1.0724973989757283,2.5794041539107604
0.9736959240839073,1.0222527001073503,9.706119820930383
-0.5208920749783256,-0.6785764001771968,-5.486792513537531
-0.40524509058578934,0.24120561572852803,-0.9100749953262502
-0.26078305381016037,-7.775604583626857e-05,-0.6593851731374261
-0.46750779913489615,-0.7447743632832499,-2.928439237841486
1.7753969357440356,0.7753890021598184,11.167060811560658
-0.19627358803679817,1.122301738917647,2.995611701316938
-1.8651356199571514,0.22970602375730484,-10.373797027480691
-0.581871465599425,-0.17247471088440872,-5.206428928436628
0.7285357817389818,-2.1255144971295072,-6.506781019448356
1.449912085097232,-0.3828935782343821,6.21144220886988
-0.5754766517533173,1.5417915372731623,3.3296489910458487
-0.09817865288127321,-2.0386551029123487,-6.141554068600691
-0.47433888161405113,0.2853312467087549,-2.1734491437399592
0.766818689118056,0.16875899142498557,5.520297438473484
-0.3854914109369362,-1.157580801223397,-5.584990058629332
0.6142151366018386,-0.45627563797209225,-0.5847851793096983
-0.016014377430871522,-0.39258048999677453,-3.5012945966227234
-1.5721515072472054,1.2306482184096967,-4.70042820208254
0.48627386014335283,0.7786910154564991,1.6695780270124865
1.1788898180147775,-0.011065973849425696,3.7477351556292753
0.23731094835610916,1.3999461687590007,7.597979300865665
-0.3245019233599542,-0.02387926812277697,-5.969854675081414
1.068277823724584,-0.45064110005077107,-0.16225258888992755
-0.9710032270076427,-2.2217815425747345,-9.831492238143358
0.05680629471127866,-0.8258018005019786,-3.8421420425377435
-0.9483795939002977,0.4040771818397091,-3.1271312169241168
-0.9667603861174161,-0.43235348076038066,-4.161112964111147
1.1215118918536202,1.119708200909958,11.590008383327753
-0.7435181972325805,-0.5610536057606171,-2.705312075879807
-0.3475741407082667,-1.2156280124518717,-3.9803533065062213
-0.6881661718219328,0.8243863370001363,-1.287399569837968
0.5449772276680224,-0.48584438557129167,2.803067840629735
0.680669991071234,1.0206590706125378,6.598718906781092
-1.0336099145894535,1.9549981398332055,2.590147189702177
1.7227832646862737,0.29545949830020113,12.910977652434154
-0.6175825162378896,0.17067286381494992,-4.852633959452508
-0.16422226668561576,1.1727624975657187,3.495791251948349
-0.1246196088644415,-2.114754661906398,-7.471674982385168
-1.4158713691817315,-1.1896947507130062,-12.656171127405848
-1.6310128579234169,-0.7146302224679317,-8.295590580575151
2.155930084690953,-2.962166322773555,2.184233120177647
-2.4639657714929157,-1.1855492636036489,-14.008302208252168
-0.35499669178624504,1.8308163034067118,7.449617882330125
0.6152074592163252,0.2611106962606022,3.96104216773832
0.2820491961254134,-0.43002103392652996,-0.29886886871656937
0.3630881701721698,-1.117606922885607,-2.5135538443636007
0.9722936885661931,-0.703050811990331,3.294449374269387
-1.2420369811704342,-0.0031312996062184753,-4.04744626884131
0.868626935779623,-1.129400000961239,2.283010004135174
0.9241605998232383,-0.21466869817641665,6.19632324399023
-0.6328204828511654,-1.5945486236203097,-5.586946355855931
-0.22434848898205922,-0.21583227103879601,-5.071750813859278
2.769291264844526,-1.0027268359933261,10.921108722892996
-0.41898884955554566,0.6461563401184414,-0.27731701133748726
1.6732018747950415,0.8297346921946344,13.28250625747495
-1.9759255902217752,0.4326875230073436,-11.805339440015311
1.7645321768748634,-1.1943316885616115,4.725343912860636
-1.3333589753799309,-0.9341231206433033,-10.057938703190871
0.35959643761105814,0.28775403670200733,4.049738075117056
0.596748794482202,2.294384847412374,8.465153804747146
-0.8331353764417364,1.0187764222734812,-1.4840617240846863
-0.020558620506067757,0.2356021230240799,0.4951127390615735
0.07366895748123689,1.0937851263783271,2.341618053803555
0.944020173222717,-0.854572391750931,3.0001699661900556
-1.3877970305863054,-0.9925137143795799,-9.45053243660602
-0.589679886849974,0.8324807656678318,1.4758584422856147
0.43475562597695067,-0.7061882511847025,1.276660788008645
0.2338148957612484,1.1597378978958874,4.326037318773962
0.7301981423026547,-1.8072914647312386,1.0147466132151082
-0.6641700185215985,0.11128520189666972,-1.3956537001200686
0.05886301484830122,-3.0262383350023287,-8.801714722417596
0.10230373313015995,0.013435901145093819,1.1211080182413284
-0.2259583779276353,0.422067335693598,1.15362363474484
0.5151483118101181,0.23991642052868525,0.19339458615179694
0.41139697431277156,1.2224121531318486,4.796975219453342
0.07475269661876792,0.12508794862554515,1.517511386081993
1.1780195481458262,-0.9380792930101486,0.23666501448273136
0.7622405535664534,1.4149427593749995,10.76661494763357
-0.2616581509347899,0.44092320588427475,-0.3644060441210026
0.04217637669703237,-2.0488881847693468,-0.24852800479913562
1.028220730259891,0.14219286277104365,4.66459577308674
-0.26317704240963713,-0.6405016656855074,-5.680694440854783
-0.9735267427210411,0.7449335427506777,-5.777185846034702
0.00413079314633608,1.5877988685668618,6.010355322080034
0.6225469766298778,-0.38796681321782406,3.5281131430526336
-0.8888615460484971,0.0016591560915165686,-5.384286906508787
0.02355086553713045,1.7999331612519764,6.259022594634445
